<?xml version='1.0' encoding='UTF-8'?>
<addon id="plugin.video.7plus" name="7Plus" provider-name="techzyon" version="1.1.0">
  <requires>
    <import addon="xbmc.python" version="2.1.0" />
    <import addon="script.module.requests" />
  </requires>
  <extension library="default.py" point="xbmc.python.pluginsource" provides="video">
    <provides>video</provides>
  </extension>
  <extension library="default.py" point="xbmc.addon.metadata">
    <summary>7Plus</summary>
    <description>Watch full episodes of your favourite TV shows as seen on Seven, 7mate, 7TWO, 7flix and racing.com, live and free.</description>
    <provides>video</provides>
    <platform>all</platform>
</extension>
</addon>