<?xml version='1.0' encoding='UTF-8'?>
<addon id="plugin.video.10play" name="10play" provider-name="techzyon" version="2.0.1">
  <requires>
    <import addon="xbmc.python" version="2.1.0" />
    <import addon="script.module.requests" />
  </requires>
  <extension library="default.py" point="xbmc.python.pluginsource" provides="video">
    <provides>video</provides>
  </extension>
  <extension library="default.py" point="xbmc.addon.metadata">
    <summary>10play add-on</summary>
    <description>Catch up on all videos offered by the 10play service</description>
    <provides>video</provides>
    <platform>all</platform>
	<news>[B]Version v2.0.1[/B]
  - Added in Date to title, as well as short description fix - FiftyFifty
	</news>
</extension>
</addon>
